Requirement_ID,Safety_Goal_ID,ASIL,Requirement_Description,Safety_Mechanism,Implementation_Python,Implementation_C99,Test_File,Verification_Function
REQ-EGGA-001,SG-01,ASIL D,"Applied steering feedback gains must reside strictly within the certified Lyapunov stability envelope for current operating conditions",Envelope Gain Containment & Projection,src/egga/supervisor/envelope.py:Envelope.project_index,src/c/supervisor.c:project_index,tests/test_envelope.py,test_project_index
REQ-EGGA-002,SG-01,ASIL D,"Gain adjustments between consecutive grid knots must be rate-limited by gain_hop_period to prevent transient destabilization",Gain Hop Slew Limiting,src/egga/supervisor/gains.py:next_index,src/c/supervisor.c:next_gain_index,tests/test_supervisor.py,test_gain_hop_limiting
REQ-EGGA-003,SG-01,ASIL D,"Candidate RL gain proposals must be checked against absolute parameter bounds and maximum rate of change prior to admission",RL Proposal Admissibility Filter,src/egga/supervisor/health.py:rl_check,src/c/supervisor.c:rl_check,tests/test_supervisor.py,test_rl_proposal_bounds
REQ-EGGA-004,SG-02,ASIL D,"Commended vehicle speed must be capped to ensure lateral acceleration demand does not exceed available friction limits (v <= sqrt(a_y_max / kappa))",Speed Capping Under Curvature,src/egga/supervisor/envelope.py:Envelope.speed_cap,src/c/supervisor.c:speed_cap_calc,tests/test_envelope.py,test_speed_cap
REQ-EGGA-005,SG-02,ASIL D,"Steering angle commands must be saturated at the physical tire adhesion limit delta_max(v, mu, m)",Steering Angle Limiter,src/egga/supervisor/guard.py:steer_angle_limit,src/c/supervisor.c:steer_angle_limit,tests/test_supervisor.py,test_steer_angle_limits
REQ-EGGA-006,SG-02,ASIL D,"Steering slew rate commands must be capped by envelope-certified rate limits to prevent actuator saturation",Steering Rate Limiter,src/egga/supervisor/envelope.py:Envelope.rate_limit,src/c/supervisor.c:rate_limit_calc,tests/test_envelope.py,test_rate_limit
REQ-EGGA-007,SG-03,ASIL C,"Actuator tracking error between commanded and measured angle must be monitored to detect delayed or stuck actuators",Actuator Residual Monitor,src/egga/supervisor/health.py:actuator_residual_bad,src/c/supervisor.c:actuator_residual_bad,tests/test_supervisor.py,test_actuator_health
REQ-EGGA-008,SG-03,ASIL C,"The supervisor must escalate to DEGRADED_ACTUATOR mode when effective delay tau exceeds threshold and adopt conservative envelope cells",Degraded Actuator Mode Transition,src/egga/supervisor/modes.py:desired_mode,src/c/supervisor.c:desired_mode,tests/test_supervisor.py,test_mode_transitions
REQ-EGGA-009,SG-04,ASIL D,"Yaw rate sensor measurements must be checked against dynamic bicycle model predictions to detect tire blowout or model inconsistency",Yaw Rate Residual Monitor,src/egga/supervisor/health.py:yaw_residual_bad,src/c/supervisor.c:yaw_residual_bad,tests/test_supervisor.py,test_yaw_residual_health
REQ-EGGA-010,SG-04,ASIL D,"The supervisor must transition to FALLBACK mode upon persistent actuator or yaw residuals and latch until recover period passes",Fallback Mode Latching & Recovery,src/egga/supervisor/modes.py:next_mode,src/c/supervisor.c:next_mode,tests/test_supervisor.py,test_fallback_latch
REQ-EGGA-011,SG-04,ASIL D,"Operating conditions outside envelope coverage or below friction floor (mu < mu_floor) must immediately trigger MINIMAL_RISK safe stop",Minimal Risk Domain Guard,src/egga/supervisor/core.py:step,src/c/supervisor.c:egga_supervisor_step,tests/test_supervisor.py,test_domain_violation
REQ-EGGA-012,SG-04,ASIL D,"Minimal risk mode must latch and only clear upon explicit reset signal after healthy_for continuous operation exceeds stale_grace",Safe Stop Latch Reset Qualification,src/egga/supervisor/core.py:step,src/c/supervisor.c:egga_supervisor_step,tests/redteam/test_supervisor_redteam.py,test_latch_reset_qualification
REQ-EGGA-013,SG-01,ASIL D,"Stand-alone C99 embedded deployment must operate with zero dynamic heap allocation (0 B malloc/calloc/free) and deterministic latency (< 100 us)",Zero-Heap Static Architecture,src/egga/c_bridge.py:load_c_lib,src/c/supervisor.c:egga_supervisor_step,tests/test_c99_equivalence.py,test_supervisor_c99_matches_python_supervisor_step_by_step
