controller,seed,train_reward,train_policy_loss,probe_diverged,probe_median_max_cm,probe_p95_max_cm,probe_mean_rms_cm
b5_rl_supervised,0,-0.8446565866470337,-0.002665323787368834,0,1.4691258108518541,3.1296410674238837,0.5739710679950824
b5_rl_supervised,1,-0.848376989364624,0.0023210846702568233,0,1.4691258108518541,3.1296410674238837,0.5739710679950824
b5_rl_supervised,2,-0.8195437788963318,-0.0031217907744576223,0,1.4691258108518541,3.1296410674238837,0.5739710679950824
b5_rl_supervised,3,-0.8603060245513916,-0.0033506813924759626,0,1.4691258108518541,3.1296410674238837,0.5739710679950824
b5_rl_supervised,4,-0.8432754278182983,0.0006486400379799306,0,1.4691258108518541,3.1296410674238837,0.5739710679950824
b5_rl_supervised,5,-0.8368421196937561,-0.005857431853655726,0,1.4691258108518541,3.1296410674238837,0.5739710679950824
b5_rl_supervised,6,-0.8325817584991455,-0.003067478013690561,0,1.4691258108518541,3.1296410674238837,0.5739710679950824
b5_rl_supervised,7,-0.8328794240951538,-0.0019544814131222665,0,1.4691258108518541,3.1296410674238837,0.5739710679950824
b5_rl_supervised,8,-1.0161890983581543,-0.0011307181557640433,0,1.4691258108518541,3.1296410674238837,0.5739710679950824
b5_rl_supervised,9,-0.8383997082710266,-0.004421923778863857,0,1.4691258108518541,3.1296410674238837,0.5739710679950824
b5_rl_supervised,10,-0.8262277841567993,-0.0009354425128549337,0,1.4691258108518541,3.1296410674238837,0.5739710679950824
b5_rl_supervised,11,-0.8542929291725159,0.0018776887882268056,0,1.4691258108518541,3.1296410674238837,0.5739710679950824
b5_rl_supervised,12,-0.8322404623031616,0.0006134613358881325,0,1.4691258108518541,3.1296410674238837,0.5739710679950824
b5_rl_supervised,13,-0.8602097034454346,-0.002406830040854402,0,1.4691258108518541,3.1296410674238837,0.5739710679950824
b5_rl_supervised,14,-0.8370479345321655,-0.0011912002228200436,0,1.4691258108518541,3.1296410674238837,0.5739710679950824
b5_rl_supervised,15,-0.8392460942268372,-0.002727496495936066,0,1.4691258108518541,3.1296410674238837,0.5739710679950824
b5_rl_supervised,16,-0.832629919052124,-0.002777105546556413,0,1.4691258108518541,3.1296410674238837,0.5739710679950824
b5_rl_supervised,17,-0.8163209557533264,-0.002826706910127541,0,1.4691258108518541,3.1296410674238837,0.5739710679950824
b5_rl_supervised,18,-0.8207080364227295,-0.0031980899075279012,0,1.4691258108518541,3.1296410674238837,0.5739710679950824
b5_rl_supervised,19,-0.8229245543479919,0.0029545570723712444,0,1.4691258108518541,3.1296410674238837,0.5739710679950824
b3_rl_unsupervised,0,-3.868989006150514e-05,-0.000167418533237651,0,1.1428711744682245,1.4127052169171084,0.2816878908490175
b3_rl_unsupervised,1,-0.0004014690057374537,5.403195973485708e-05,0,1.139663551928514,1.4168261590720117,0.28202312466232116
b3_rl_unsupervised,2,-0.00021337166253942996,-0.0021387985325418413,0,1.1315293066631038,1.4020839116131836,0.279768356877653
b3_rl_unsupervised,3,-0.00036596733843907714,0.004996661721406781,0,1.113943491787307,1.4097177937866059,0.27980523501430843
b3_rl_unsupervised,4,-0.00022815332340542227,-0.004887159913778305,0,1.172248183815264,1.42319574947742,0.2845793890541766
b3_rl_unsupervised,5,-0.00010495491733308882,-0.0005385993863455951,0,1.147151694888962,1.4094026514919997,0.2830433247906158
b3_rl_unsupervised,6,-0.0075827063992619514,-0.0017133796936832368,0,1.1398060081511652,1.4159439823849078,0.2824007814160776
b3_rl_unsupervised,7,-0.005585626699030399,-0.0016068106051534414,0,1.142224992956285,1.4081114094525422,0.2838681135197543
b3_rl_unsupervised,8,-0.002300840336829424,-0.0025614869737182744,0,1.1528424523890541,1.4213668415255716,0.28270847074999017
b3_rl_unsupervised,9,-0.002622839529067278,-0.0011456913780421019,0,1.1092854323706098,1.408575682082062,0.28212413520492524
b3_rl_unsupervised,10,-0.05016167089343071,0.0013665748410858214,0,1.1259948010963223,1.4040790761594375,0.2826996084128697
b3_rl_unsupervised,11,-4.2082101572304964e-05,0.00020730591495521367,0,1.1293765659083816,1.41616029564004,0.2815421667951671
b3_rl_unsupervised,12,-0.00041102958493866026,-0.0016181725077331066,0,1.1159895937776982,1.422337222595,0.28063933516124184
b3_rl_unsupervised,13,-0.050169676542282104,-0.0008729119144845754,0,1.1183622664861972,1.4090009535913752,0.2810608833833853
b3_rl_unsupervised,14,-0.007087405305355787,0.0020966497249901295,0,1.1234918127021518,1.4074670695611595,0.2834226872291225
b3_rl_unsupervised,15,-0.00017631310038268566,-0.0002568650816101581,0,1.1484614379570863,1.4139628182444755,0.2824872444162884
b3_rl_unsupervised,16,-0.0008261494804173708,-0.0022601726232096553,0,1.1318226743680289,1.422845918581062,0.2836631861171066
b3_rl_unsupervised,17,-0.0006864464376121759,0.0004240601265337318,0,1.1057451757211583,1.4206800354932152,0.27946442876513666
b3_rl_unsupervised,18,-0.000874210731126368,-0.0006758091203664662,0,1.1247774490738738,1.4214301648459138,0.28141353400043156
b3_rl_unsupervised,19,-0.04507476091384888,-0.0021616457670461386,0,1.1449451363087453,1.4271904582675468,0.2850555444762516
